nid,nx,ny
11,28.357205949825,-22.0748449044595
12,-36.13165897,-44.7140329
13,-41.26507265,-45.27053115
